Performance Data,14954,26.4.26 Foundation - TN,https://web.archive.org/web/20160705093237/http://www.charitynavigator.org/index.cfm?bay=search.summary&orgid=14954
Performance Data,16635,6th Man Foundation - WA,https://web.archive.org/web/20160606234154/http://www.charitynavigator.org/index.cfm?bay=search.summary&orgid=16635
Performance Data,16138,ABC Nutrition Program - TN,https://web.archive.org/web/20160627132513/http://www.charitynavigator.org/index.cfm?bay=search.summary&orgid=16138
Performance Data,14539,Absolute Return for Kids US - NY,https://web.archive.org/web/20160627132513/http://www.charitynavigator.org/index.cfm?bay=search.summary&orgid=14539
Performance Data,4994,Abyssinian Development Corporation - NY,https://web.archive.org/web/20160627132513/http://www.charitynavigator.org/index.cfm?bay=search.summary&orgid=4994
Performance Data,10087,The Acadiana Outreach Center - LA,https://web.archive.org/web/20160627132513/http://www.charitynavigator.org/index.cfm?bay=search.summary&orgid=10087
Performance Data,16191,The Affordable Housing Coalition of San Diego County - CA,https://web.archive.org/web/20160627132513/http://www.charitynavigator.org/index.cfm?bay=search.summary&orgid=16191
Performance Data,16096,AIDS Healthcare Foundation - CA,https://web.archive.org/web/20160627132513/http://www.charitynavigator.org/index.cfm?bay=search.summary&orgid=16096
Performance Data,13136,Alaska Veteran Outreach Boxes for Heroes - AK,https://web.archive.org/web/20160627132513/http://www.charitynavigator.org/index.cfm?bay=search.summary&orgid=13136
Performance Data,6705,ALEH Foundation - NY,https://web.archive.org/web/20160627132513/http://www.charitynavigator.org/index.cfm?bay=search.summary&orgid=6705
Performance Data,15442,All Day Foundation - TX,https://web.archive.org/web/20160627132513/http://www.charitynavigator.org/index.cfm?bay=search.summary&orgid=15442
Performance Data,13369,Allied Veterans of the World Inc. and Affiliates - FL,https://web.archive.org/web/20160627132513/http://www.charitynavigator.org/index.cfm?bay=search.summary&orgid=13369
Performance Data,16112,Alternatives Living Inc. - LA,https://web.archive.org/web/20160627132513/http://www.charitynavigator.org/index.cfm?bay=search.summary&orgid=16112
Performance Data,16135,American Association for Cancer Support - TN,https://web.archive.org/web/20160627132513/http://www.charitynavigator.org/index.cfm?bay=search.summary&orgid=16135
Performance Data,13376,American Beverage Institute - DC,https://web.archive.org/web/20160627132513/http://www.charitynavigator.org/index.cfm?bay=search.summary&orgid=13376
Performance Data,8626,American Friends of Neveh Zion - NY,https://web.archive.org/web/20160627132513/http://www.charitynavigator.org/index.cfm?bay=search.summary&orgid=8626
Performance Data,16603,American Indian Institute for Innovation - SD,https://web.archive.org/web/20160627132513/http://www.charitynavigator.org/index.cfm?bay=search.summary&orgid=16603
Performance Data,16219,American Registry of Pathology - MD,https://web.archive.org/web/20160627132513/http://www.charitynavigator.org/index.cfm?bay=search.summary&orgid=16219
Performance Data,16322,Americans Helping America - CA,https://web.archive.org/web/20160627132513/http://www.charitynavigator.org/index.cfm?bay=search.summary&orgid=16322
Performance Data,15186,Anchor Building Fund Inc. - NY,https://web.archive.org/web/20160627132513/http://www.charitynavigator.org/index.cfm?bay=search.summary&orgid=15186
Performance Data,16155,Angelinos for Culture and a Healthy Environment - CA,https://web.archive.org/web/20160627132513/http://www.charitynavigator.org/index.cfm?bay=search.summary&orgid=16155
Performance Data,11671,Architecture for Humanity - CA,https://web.archive.org/web/20160627132513/http://www.charitynavigator.org/index.cfm?bay=search.summary&orgid=11671
Performance Data,12442,Armed Forces Foundation - DC,https://web.archive.org/web/20160627132513/http://www.charitynavigator.org/index.cfm?bay=search.summary&orgid=12442
Performance Data,5445,Armenian Assembly of America - DC,https://web.archive.org/web/20160627132513/http://www.charitynavigator.org/index.cfm?bay=search.summary&orgid=5445
Performance Data,11140,ASCEND: a Humanitarian Alliance - UT,https://web.archive.org/web/20160627132513/http://www.charitynavigator.org/index.cfm?bay=search.summary&orgid=11140
Performance Data,16142,Aseracare Hospice Foundation - AR,https://web.archive.org/web/20160627132513/http://www.charitynavigator.org/index.cfm?bay=search.summary&orgid=16142
Performance Data,16193,Association for Equal Information and Government Integrity - CA,https://web.archive.org/web/20160627132513/http://www.charitynavigator.org/index.cfm?bay=search.summary&orgid=16193
Performance Data,15494,Association for the Advancement of International Education - FL,https://web.archive.org/web/20160627132513/http://www.charitynavigator.org/index.cfm?bay=search.summary&orgid=15494
Performance Data,14209,Association of American Medical Colleges - DC,https://web.archive.org/web/20160627132513/http://www.charitynavigator.org/index.cfm?bay=search.summary&orgid=14209
Contact Data,3327,Atlanta Community Food Bank - GA,https://web.archive.org/web/20160627132513/http://www.charitynavigator.org/index.cfm?bay=search.summary&orgid=3327
Performance Data,14950,August Wilson Center for African American Culture - PA,https://web.archive.org/web/20160627132513/http://www.charitynavigator.org/index.cfm?bay=search.summary&orgid=14950
Performance Data,15438,Autism Outreach Foundation - WA,https://web.archive.org/web/20160627132513/http://www.charitynavigator.org/index.cfm?bay=search.summary&orgid=15438
Contact Data,13865,Bainbridge Schools Foundation - WA,https://web.archive.org/web/20160627132700/http://www.charitynavigator.org/index.cfm?bay=search.summary&orgid=13865
Performance Data,13786,Basen Inc. - CA,https://web.archive.org/web/20160627132700/http://www.charitynavigator.org/index.cfm?bay=search.summary&orgid=13786
Contact Data,15986,Basic Fund - CA,https://web.archive.org/web/20160627132700/http://www.charitynavigator.org/index.cfm?bay=search.summary&orgid=15986
Performance Data,8404,Big Brothers Big Sisters of the Bluegrass - KY,https://web.archive.org/web/20160627132700/http://www.charitynavigator.org/index.cfm?bay=search.summary&orgid=8404
Performance Data,15514,Birmingham Health Care - AL,https://web.archive.org/web/20160627132700/http://www.charitynavigator.org/index.cfm?bay=search.summary&orgid=15514
Performance Data,16156,Blythe Citizens for Smart Growth - CA,https://web.archive.org/web/20160627132700/http://www.charitynavigator.org/index.cfm?bay=search.summary&orgid=16156
Performance Data,13769,Bnei Torah - NY,https://web.archive.org/web/20160627132700/http://www.charitynavigator.org/index.cfm?bay=search.summary&orgid=13769
Performance Data,13628,Boobies Rock! - CO,https://web.archive.org/web/20160627132700/http://www.charitynavigator.org/index.cfm?bay=search.summary&orgid=13628
Contact Data,15728,Boston Landmarks Orchestra Inc. - MA,https://web.archive.org/web/20160627132700/http://www.charitynavigator.org/index.cfm?bay=search.summary&orgid=15728
Performance Data,9765,"Boy Scouts of America, Cascade Pacific Council - OR",https://web.archive.org/web/20160627132700/http://www.charitynavigator.org/index.cfm?bay=search.summary&orgid=9765
Contact Data,12914,"Boy Scouts of America, Northern New Jersey Council - NJ",https://web.archive.org/web/20160627132700/http://www.charitynavigator.org/index.cfm?bay=search.summary&orgid=12914
Contact Data,10525,Boys & Girls Clubs of Carlsbad - CA,https://web.archive.org/web/20160627132700/http://www.charitynavigator.org/index.cfm?bay=search.summary&orgid=10525
Performance Data,8991,Boys & Girls Clubs of the Lowcountry - SC,https://web.archive.org/web/20160627132700/http://www.charitynavigator.org/index.cfm?bay=search.summary&orgid=8991
Performance Data,13132,"Breast Cancer Society, Inc. - AZ",https://web.archive.org/web/20160627132700/http://www.charitynavigator.org/index.cfm?bay=search.summary&orgid=13132
Performance Data,16157,Build Barstow Smart - CA,https://web.archive.org/web/20160627132700/http://www.charitynavigator.org/index.cfm?bay=search.summary&orgid=16157
Performance Data,15531,Business and Technology Development Corp. - FL,https://web.archive.org/web/20160627132700/http://www.charitynavigator.org/index.cfm?bay=search.summary&orgid=15531
Contact Data,15739,Business Volunteers Unlimited - OH,https://web.archive.org/web/20160627132700/http://www.charitynavigator.org/index.cfm?bay=search.summary&orgid=15739
Performance Data,16170,C & O Conservation Inc. - MD,https://web.archive.org/web/20160704072629/http://www.charitynavigator.org/index.cfm?bay=search.summary&orgid=16170
Performance Data,16174,California Taxpayers Action Network - CA,https://web.archive.org/web/20160704072629/http://www.charitynavigator.org/index.cfm?bay=search.summary&orgid=16174
Performance Data,3416,Cancer Fund of America - TN,https://web.archive.org/web/20160704072629/http://www.charitynavigator.org/index.cfm?bay=search.summary&orgid=3416
Performance Data,11787,Cancer Support Services - MI,https://web.archive.org/web/20160704072629/http://www.charitynavigator.org/index.cfm?bay=search.summary&orgid=11787
Performance Data,16260,Care Package Campaign - CA,https://web.archive.org/web/20160704072629/http://www.charitynavigator.org/index.cfm?bay=search.summary&orgid=16260
Performance Data,16125,Carlsbad Mental Health Center - NM,https://web.archive.org/web/20160704072629/http://www.charitynavigator.org/index.cfm?bay=search.summary&orgid=16125
Performance Data,16253,Cars 4 Causes - CA,https://web.archive.org/web/20160704072629/http://www.charitynavigator.org/index.cfm?bay=search.summary&orgid=16253
Performance Data,3432,Catholic Charities of the Archdiocese of Galveston-Houston - TX,https://web.archive.org/web/20160704072629/http://www.charitynavigator.org/index.cfm?bay=search.summary&orgid=3432
Performance Data,15530,CDC 58:12 - LA,https://web.archive.org/web/20160704072629/http://www.charitynavigator.org/index.cfm?bay=search.summary&orgid=15530
Contact Data,12155,Center for American Progress - DC,https://web.archive.org/web/20160704072629/http://www.charitynavigator.org/index.cfm?bay=search.summary&orgid=12155
Performance Data,16168,The Center for Building Hope - FL,https://web.archive.org/web/20160704072629/http://www.charitynavigator.org/index.cfm?bay=search.summary&orgid=16168
Performance Data,11842,Center For Consumer Freedom - DC,https://web.archive.org/web/20160704072629/http://www.charitynavigator.org/index.cfm?bay=search.summary&orgid=11842
Performance Data,16113,"Center for Social Advocacy, Inc. - CA",https://web.archive.org/web/20160704072629/http://www.charitynavigator.org/index.cfm?bay=search.summary&orgid=16113
Performance Data,13374,Center for Union Facts - DC,https://web.archive.org/web/20160704072629/http://www.charitynavigator.org/index.cfm?bay=search.summary&orgid=13374
Performance Data,16296,CenterLight Healthcare - NY,https://web.archive.org/web/20160704072629/http://www.charitynavigator.org/index.cfm?bay=search.summary&orgid=16296
Performance Data,16020,Central Alabama Comprehensive Health - AL,https://web.archive.org/web/20160704072629/http://www.charitynavigator.org/index.cfm?bay=search.summary&orgid=16020
Performance Data,16313,Central New York Services - NY,https://web.archive.org/web/20160704072629/http://www.charitynavigator.org/index.cfm?bay=search.summary&orgid=16313
Performance Data,16134,Chicana Service Action Center - CA,https://web.archive.org/web/20160704072629/http://www.charitynavigator.org/index.cfm?bay=search.summary&orgid=16134
Performance Data,12740,Children's Cancer Fund of America - TN,https://web.archive.org/web/20160704072629/http://www.charitynavigator.org/index.cfm?bay=search.summary&orgid=12740
Performance Data,16235,Children's Charitable Services Inc. - FL,https://web.archive.org/web/20160704072629/http://www.charitynavigator.org/index.cfm?bay=search.summary&orgid=16235
Performance Data,16115,Children's Charity Support Services - WA,https://web.archive.org/web/20160704072629/http://www.charitynavigator.org/index.cfm?bay=search.summary&orgid=16115
Performance Data,3495,Christian Alliance for Humanitarian Aid - TX,https://web.archive.org/web/20160704072629/http://www.charitynavigator.org/index.cfm?bay=search.summary&orgid=3495
Performance Data,13285,Christian Community Benevolent Association - NY,https://web.archive.org/web/20160704072629/http://www.charitynavigator.org/index.cfm?bay=search.summary&orgid=13285
Performance Data,16194,Citizens and Ratepayers Opposing Water Nonsense - CA,https://web.archive.org/web/20160704072629/http://www.charitynavigator.org/index.cfm?bay=search.summary&orgid=16194
Performance Data,16175,Citizens for Responsible Equitable Environmental Development - CA,https://web.archive.org/web/20160704072629/http://www.charitynavigator.org/index.cfm?bay=search.summary&orgid=16175
Performance Data,16195,Coalition for Safe and Healthy Economic Progress - CA,https://web.archive.org/web/20160704072629/http://www.charitynavigator.org/index.cfm?bay=search.summary&orgid=16195
Performance Data,15061,Coastal Enterprises Inc. - ME,https://web.archive.org/web/20160704072629/http://www.charitynavigator.org/index.cfm?bay=search.summary&orgid=15061
Performance Data,13452,Colorado Center for Nursing Excellence - CO,https://web.archive.org/web/20160704072629/http://www.charitynavigator.org/index.cfm?bay=search.summary&orgid=13452
Performance Data,16293,Comfort House Services - TX,https://web.archive.org/web/20160704072629/http://www.charitynavigator.org/index.cfm?bay=search.summary&orgid=16293
Performance Data,15495,Community Action of Minneapolis - MN,https://web.archive.org/web/20160704072629/http://www.charitynavigator.org/index.cfm?bay=search.summary&orgid=15495
Contact Data,11209,Community Action Services and Food Bank - UT,https://web.archive.org/web/20160704072629/http://www.charitynavigator.org/index.cfm?bay=search.summary&orgid=11209
Performance Data,16228,Community College Consortium on Autism and Intellectual Disabilities - VA,https://web.archive.org/web/20160704072629/http://www.charitynavigator.org/index.cfm?bay=search.summary&orgid=16228
Performance Data,13599,Community Educational Television - TX,https://web.archive.org/web/20160704072629/http://www.charitynavigator.org/index.cfm?bay=search.summary&orgid=13599
Performance Data,16143,Community Health Charities of Louisiana - LA,https://web.archive.org/web/20160704072629/http://www.charitynavigator.org/index.cfm?bay=search.summary&orgid=16143
Performance Data,16315,Community Rehabilitation Center Foundation - FL,https://web.archive.org/web/20160704072629/http://www.charitynavigator.org/index.cfm?bay=search.summary&orgid=16315
Performance Data,16158,Concerned Citizens of Vista - CA,https://web.archive.org/web/20160704072629/http://www.charitynavigator.org/index.cfm?bay=search.summary&orgid=16158
Performance Data,16176,Convina Residents for Responsible Development - CA,https://web.archive.org/web/20160704072629/http://www.charitynavigator.org/index.cfm?bay=search.summary&orgid=16176
Performance Data,7520,Conway Area Humane Society - NH,https://web.archive.org/web/20160704072629/http://www.charitynavigator.org/index.cfm?bay=search.summary&orgid=7520
Performance Data,16177,CREED-21 - CA,https://web.archive.org/web/20160704072629/http://www.charitynavigator.org/index.cfm?bay=search.summary&orgid=16177
Contact Data,6272,Crossnore School - NC,https://web.archive.org/web/20160704072629/http://www.charitynavigator.org/index.cfm?bay=search.summary&orgid=6272
Performance Data,16623,DC Children & Youth Investment Trust Corporation - DC,https://web.archive.org/web/20160623014328/http://www.charitynavigator.org/index.cfm?bay=search.summary&orgid=16623
Performance Data,16306,Delaware Firefighters Foundation - DE,https://web.archive.org/web/20160623014328/http://www.charitynavigator.org/index.cfm?bay=search.summary&orgid=16306
Performance Data,13287,Disabled Veterans of America - MI,https://web.archive.org/web/20160623014328/http://www.charitynavigator.org/index.cfm?bay=search.summary&orgid=13287
Performance Data,13915,Disabled Veterans Services Inc. - FL,https://web.archive.org/web/20160623014328/http://www.charitynavigator.org/index.cfm?bay=search.summary&orgid=13915
Performance Data,16172,Divers' Environmental Conservation Organization - CA,https://web.archive.org/web/20160623014328/http://www.charitynavigator.org/index.cfm?bay=search.summary&orgid=16172
Performance Data,13233,Doc2Doc - NY,https://web.archive.org/web/20160623014328/http://www.charitynavigator.org/index.cfm?bay=search.summary&orgid=13233
Performance Data,16252,Donate for a Cause - MT,https://web.archive.org/web/20160623014328/http://www.charitynavigator.org/index.cfm?bay=search.summary&orgid=16252
Performance Data,16285,Downtown Pasco Development Authority - WA,https://web.archive.org/web/20160623014328/http://www.charitynavigator.org/index.cfm?bay=search.summary&orgid=16285
Performance Data,16019,East Carolina Development Company - NC,https://web.archive.org/web/20160708213018/http://www.charitynavigator.org/index.cfm?bay=search.summary&orgid=16019
Performance Data,16627,East Division Crimes Victims Services - PA,https://web.archive.org/web/20160708213018/http://www.charitynavigator.org/index.cfm?bay=search.summary&orgid=16627
Performance Data,16101,Ecumenical Refugee and Immigration Services - CO,https://web.archive.org/web/20160708213018/http://www.charitynavigator.org/index.cfm?bay=search.summary&orgid=16101
Contact Data,15937,Edvestors - MA,https://web.archive.org/web/20160708213018/http://www.charitynavigator.org/index.cfm?bay=search.summary&orgid=15937
Performance Data,16141,Elder Outreach Nursing and Rehabilitation - LA,https://web.archive.org/web/20160708213018/http://www.charitynavigator.org/index.cfm?bay=search.summary&orgid=16141
Performance Data,14213,Employ Young Adults - PA,https://web.archive.org/web/20160708213018/http://www.charitynavigator.org/index.cfm?bay=search.summary&orgid=14213
Performance Data,13373,Employment Policies Institute Foundation - DC,https://web.archive.org/web/20160708213018/http://www.charitynavigator.org/index.cfm?bay=search.summary&orgid=13373
Performance Data,16178,Empower San Diego - CA,https://web.archive.org/web/20160708213018/http://www.charitynavigator.org/index.cfm?bay=search.summary&orgid=16178
Performance Data,13375,Enterprise Freedom Action Committee - DC,https://web.archive.org/web/20160708213018/http://www.charitynavigator.org/index.cfm?bay=search.summary&orgid=13375
Contact Data,7030,Environmental Initiative - MN,https://web.archive.org/web/20160708213018/http://www.charitynavigator.org/index.cfm?bay=search.summary&orgid=7030
Contact Data,16479,Environmental Investigation Agency - DC,https://web.archive.org/web/20160708213018/http://www.charitynavigator.org/index.cfm?bay=search.summary&orgid=16479
Performance Data,16119,Epilepsy Foundation of Minnesota - MN,https://web.archive.org/web/20160708213018/http://www.charitynavigator.org/index.cfm?bay=search.summary&orgid=16119
Performance Data,16144,Esperanza Detroit - MI,https://web.archive.org/web/20160708213018/http://www.charitynavigator.org/index.cfm?bay=search.summary&orgid=16144
Performance Data,13140,Evelyn Douglin Center for Serving People in Need - NY,https://web.archive.org/web/20160708213018/http://www.charitynavigator.org/index.cfm?bay=search.summary&orgid=13140
Contact Data,11952,Fan Free Clinic - VA,https://web.archive.org/web/20160627132143/http://www.charitynavigator.org/index.cfm?bay=search.summary&orgid=11952
Contact Data,15689,Fatima Network - NY,https://web.archive.org/web/20160627132143/http://www.charitynavigator.org/index.cfm?bay=search.summary&orgid=15689
Performance Data,3690,Federation Employment and Guidance Service - NY,https://web.archive.org/web/20160627132143/http://www.charitynavigator.org/index.cfm?bay=search.summary&orgid=3690
Performance Data,3696,The Field Museum - IL,https://web.archive.org/web/20160627132143/http://www.charitynavigator.org/index.cfm?bay=search.summary&orgid=3696
Performance Data,16628,Firefighters Support Services Incorporated - MI,https://web.archive.org/web/20160627132143/http://www.charitynavigator.org/index.cfm?bay=search.summary&orgid=16628
Performance Data,14854,The First Tee of Connecticut - CT,https://web.archive.org/web/20160627132143/http://www.charitynavigator.org/index.cfm?bay=search.summary&orgid=14854
Performance Data,16316,Flintwater.com - MI,https://web.archive.org/web/20160627132143/http://www.charitynavigator.org/index.cfm?bay=search.summary&orgid=16316
Performance Data,13944,FM World Charities - NY,https://web.archive.org/web/20160627132143/http://www.charitynavigator.org/index.cfm?bay=search.summary&orgid=13944
Performance Data,14965,Footings Inc. - NY,https://web.archive.org/web/20160627132143/http://www.charitynavigator.org/index.cfm?bay=search.summary&orgid=14965
Performance Data,14985,Foundation for America's Homeless - FL,https://web.archive.org/web/20160627132143/http://www.charitynavigator.org/index.cfm?bay=search.summary&orgid=14985
Performance Data,16247,Fresh New Taste LLC - MN,https://web.archive.org/web/20160627132143/http://www.charitynavigator.org/index.cfm?bay=search.summary&orgid=16247
Performance Data,16200,Fresh Start Opportunities - GA,https://web.archive.org/web/20160627132143/http://www.charitynavigator.org/index.cfm?bay=search.summary&orgid=16200
Performance Data,16159,Friends and Concerned Citizens of University City - CA,https://web.archive.org/web/20160627132143/http://www.charitynavigator.org/index.cfm?bay=search.summary&orgid=16159
Performance Data,16196,Friends of Glendora - CA,https://web.archive.org/web/20160627132143/http://www.charitynavigator.org/index.cfm?bay=search.summary&orgid=16196
Performance Data,16173,Friends of San Antonio Heights - CA,https://web.archive.org/web/20160627132143/http://www.charitynavigator.org/index.cfm?bay=search.summary&orgid=16173
Performance Data,16179,Friends of the US-Mexico Border Environment - CA,https://web.archive.org/web/20160627132143/http://www.charitynavigator.org/index.cfm?bay=search.summary&orgid=16179
Performance Data,16180,Friends of Tres Pinos - CA,https://web.archive.org/web/20160627132143/http://www.charitynavigator.org/index.cfm?bay=search.summary&orgid=16180
Performance Data,16312,Fullerton Rangers Soccer Club - CA,https://web.archive.org/web/20160627132143/http://www.charitynavigator.org/index.cfm?bay=search.summary&orgid=16312
Contact Data,15187,Futures and Options - NY,https://web.archive.org/web/20160627132143/http://www.charitynavigator.org/index.cfm?bay=search.summary&orgid=15187
Performance Data,5602,Galilean Children's Home - KY,https://web.archive.org/web/20160627131646/http://www.charitynavigator.org/index.cfm?bay=search.summary&orgid=5602
Performance Data,14974,Gemach Shefa Chaim - NJ,https://web.archive.org/web/20160627131646/http://www.charitynavigator.org/index.cfm?bay=search.summary&orgid=14974
Performance Data,8358,Genesis School - MO,https://web.archive.org/web/20160627131646/http://www.charitynavigator.org/index.cfm?bay=search.summary&orgid=8358
Contact Data,15729,Gladden Community House - OH,https://web.archive.org/web/20160627131646/http://www.charitynavigator.org/index.cfm?bay=search.summary&orgid=15729
Performance Data,16295,Global Sustainability Foundation - NY,https://web.archive.org/web/20160627131646/http://www.charitynavigator.org/index.cfm?bay=search.summary&orgid=16295
Contact Data,15866,GOD TV - KS,https://web.archive.org/web/20160627131646/http://www.charitynavigator.org/index.cfm?bay=search.summary&orgid=15866
Performance Data,15527,Good Charity Inc. - MI,https://web.archive.org/web/20160627131646/http://www.charitynavigator.org/index.cfm?bay=search.summary&orgid=15527
Performance Data,16240,Gospel for Asia Inc. - TX,https://web.archive.org/web/20160627131646/http://www.charitynavigator.org/index.cfm?bay=search.summary&orgid=16240
Performance Data,15500,Greater Cornerstone Community Development Project - OK,https://web.archive.org/web/20160627131646/http://www.charitynavigator.org/index.cfm?bay=search.summary&orgid=15500
Performance Data,16160,Grow Victorville Smart - CA,https://web.archive.org/web/20160627131646/http://www.charitynavigator.org/index.cfm?bay=search.summary&orgid=16160
Performance Data,16124,Habitat for Humanity of Athens/Limestone County Alabama - AL,https://web.archive.org/web/20160626062454/http://www.charitynavigator.org/index.cfm?bay=search.summary&orgid=16124
Performance Data,16602,Happy Endings Dog Rescue - TX,https://web.archive.org/web/20160626062454/http://www.charitynavigator.org/index.cfm?bay=search.summary&orgid=16602
Performance Data,16201,Harvard Community Services Center - OH,https://web.archive.org/web/20160626062454/http://www.charitynavigator.org/index.cfm?bay=search.summary&orgid=16201
Performance Data,16123,Harvey Volunteer Fire Company No. 2 - LA,https://web.archive.org/web/20160626062454/http://www.charitynavigator.org/index.cfm?bay=search.summary&orgid=16123
Performance Data,16600,Hawaii Society of Professional Engineers - HI,https://web.archive.org/web/20160626062454/http://www.charitynavigator.org/index.cfm?bay=search.summary&orgid=16600
Performance Data,16601,Hawaii Society of Professional Engineers Educational Foundation - HI,https://web.archive.org/web/20160626062454/http://www.charitynavigator.org/index.cfm?bay=search.summary&orgid=16601
Performance Data,15522,"Health, Education, Advocacy, Life Inc. - MD",https://web.archive.org/web/20160626062454/http://www.charitynavigator.org/index.cfm?bay=search.summary&orgid=15522
Performance Data,16204,The Herron Foundation - NY,https://web.archive.org/web/20160626062454/http://www.charitynavigator.org/index.cfm?bay=search.summary&orgid=16204
Performance Data,16294,Hope for Families and Community Services - AL,https://web.archive.org/web/20160626062454/http://www.charitynavigator.org/index.cfm?bay=search.summary&orgid=16294
Performance Data,16619,Hospital Audiences - NY,https://web.archive.org/web/20160626062454/http://www.charitynavigator.org/index.cfm?bay=search.summary&orgid=16619
Contact Data,15724,House of Bread - OH,https://web.archive.org/web/20160626062454/http://www.charitynavigator.org/index.cfm?bay=search.summary&orgid=15724
Performance Data,7051,Humane Society of Southwest Missouri - MO,https://web.archive.org/web/20160626062454/http://www.charitynavigator.org/index.cfm?bay=search.summary&orgid=7051
Contact Data,12583,Hunger Free America - NY,https://web.archive.org/web/20160626062454/http://www.charitynavigator.org/index.cfm?bay=search.summary&orgid=12583
Performance Data,16109,Hunting Park Neighborhood Advisory Committee - PA,https://web.archive.org/web/20160626062454/http://www.charitynavigator.org/index.cfm?bay=search.summary&orgid=16109
Performance Data,16094,I Care Foundation - NY,https://web.archive.org/web/20160704072634/http://www.charitynavigator.org/index.cfm?bay=search.summary&orgid=16094
Performance Data,16197,Indio Citizens for Smart Growth - CA,https://web.archive.org/web/20160704072634/http://www.charitynavigator.org/index.cfm?bay=search.summary&orgid=16197
Performance Data,16192,The Inland Oversight Committee - CA,https://web.archive.org/web/20160704072634/http://www.charitynavigator.org/index.cfm?bay=search.summary&orgid=16192
Performance Data,13603,International Christian Broadcasting - CA,https://web.archive.org/web/20160704072634/http://www.charitynavigator.org/index.cfm?bay=search.summary&orgid=13603
Performance Data,9761,International Foundation of Hope - WA,https://web.archive.org/web/20160704072634/http://www.charitynavigator.org/index.cfm?bay=search.summary&orgid=9761
Performance Data,16218,International Registry of Pathology - MD,https://web.archive.org/web/20160704072634/http://www.charitynavigator.org/index.cfm?bay=search.summary&orgid=16218
Performance Data,14983,International Relief and Development - VA,https://web.archive.org/web/20160704072634/http://www.charitynavigator.org/index.cfm?bay=search.summary&orgid=14983
Performance Data,13249,The Investigative Project on Terrorism Foundation - DC,https://web.archive.org/web/20160704072634/http://www.charitynavigator.org/index.cfm?bay=search.summary&orgid=13249
Performance Data,13604,J W Bethany Inc. - CA,https://web.archive.org/web/20160623013931/http://www.charitynavigator.org/index.cfm?bay=search.summary&orgid=13604
Contact Data,14669,Jackson Interfaith Shelter - MI,https://web.archive.org/web/20160623013931/http://www.charitynavigator.org/index.cfm?bay=search.summary&orgid=14669
Performance Data,13600,Jacksonville Educators Broadcasting - TX,https://web.archive.org/web/20160623013931/http://www.charitynavigator.org/index.cfm?bay=search.summary&orgid=13600
Performance Data,16133,Jared Foundation - IN,https://web.archive.org/web/20160623013931/http://www.charitynavigator.org/index.cfm?bay=search.summary&orgid=16133
Performance Data,4608,JCC MetroWest - NJ,https://web.archive.org/web/20160623013931/http://www.charitynavigator.org/index.cfm?bay=search.summary&orgid=4608
Performance Data,15497,Jefferson Community Health Care Centers - LA,https://web.archive.org/web/20160623013931/http://www.charitynavigator.org/index.cfm?bay=search.summary&orgid=15497
Contact Data,15684,Jewish Family & Childrens Service of Greater Mercer County - NJ,https://web.archive.org/web/20160623013931/http://www.charitynavigator.org/index.cfm?bay=search.summary&orgid=15684
Contact Data,15649,Jewish Federation of Central New York - NY,https://web.archive.org/web/20160623013931/http://www.charitynavigator.org/index.cfm?bay=search.summary&orgid=15649
Performance Data,15520,Jobs Housing & Recovery - MD,https://web.archive.org/web/20160623013931/http://www.charitynavigator.org/index.cfm?bay=search.summary&orgid=15520
Performance Data,16120,JONAH - NJ,https://web.archive.org/web/20160623013931/http://www.charitynavigator.org/index.cfm?bay=search.summary&orgid=16120
Performance Data,16308,Juniata Community Mental Health Clinic - PA,https://web.archive.org/web/20160623013931/http://www.charitynavigator.org/index.cfm?bay=search.summary&orgid=16308
Contact Data,15746,Junior Achievement of Chicago - IL,https://web.archive.org/web/20160623013931/http://www.charitynavigator.org/index.cfm?bay=search.summary&orgid=15746
Performance Data,16257,Just Food - KS,https://web.archive.org/web/20160623013931/http://www.charitynavigator.org/index.cfm?bay=search.summary&orgid=16257
Contact Data,14217,Kabbalah Centre International Incorporated - CA,https://web.archive.org/web/20160625063015/http://www.charitynavigator.org/index.cfm?bay=search.summary&orgid=14217
Performance Data,14215,Kabbalah Children's Academy - CA,https://web.archive.org/web/20160625063015/http://www.charitynavigator.org/index.cfm?bay=search.summary&orgid=14215
Performance Data,6115,Kids Wish Network - FL,https://web.archive.org/web/20160625063015/http://www.charitynavigator.org/index.cfm?bay=search.summary&orgid=6115
Performance Data,16093,Kingdom Purpose Teach One Reach One - FL,https://web.archive.org/web/20160625063015/http://www.charitynavigator.org/index.cfm?bay=search.summary&orgid=16093
Contact Data,15270,Kishwaukee Family YMCA - IL,https://web.archive.org/web/20160625063015/http://www.charitynavigator.org/index.cfm?bay=search.summary&orgid=15270
Contact Data,15967,KIXE-TV - CA,https://web.archive.org/web/20160625063015/http://www.charitynavigator.org/index.cfm?bay=search.summary&orgid=15967
Performance Data,15524,Korean Social Service Center of New York - NY,https://web.archive.org/web/20160625063015/http://www.charitynavigator.org/index.cfm?bay=search.summary&orgid=15524
Contact Data,15715,La Jolla Music Society - CA,https://web.archive.org/web/20160616121900/http://www.charitynavigator.org/index.cfm?bay=search.summary&orgid=15715
Performance Data,16207,LeClaire Volunteer Firefighter Association - IA,https://web.archive.org/web/20160616121900/http://www.charitynavigator.org/index.cfm?bay=search.summary&orgid=16207
Contact Data,15681,Life is Good Kids Foundation - MA,https://web.archive.org/web/20160616121900/http://www.charitynavigator.org/index.cfm?bay=search.summary&orgid=15681
Performance Data,16095,Little Peoples' World - CA,https://web.archive.org/web/20160616121900/http://www.charitynavigator.org/index.cfm?bay=search.summary&orgid=16095
Performance Data,14978,Long Island Responds - NY,https://web.archive.org/web/20160616121900/http://www.charitynavigator.org/index.cfm?bay=search.summary&orgid=14978
Performance Data,16607,Macon Purrs N Paws - GA,https://web.archive.org/web/20160629183905/http://www.charitynavigator.org/index.cfm?bay=search.summary&orgid=16607
Contact Data,15845,Mahaiwe Performing Arts Center - MA,https://web.archive.org/web/20160629183905/http://www.charitynavigator.org/index.cfm?bay=search.summary&orgid=15845
Performance Data,16024,Marine Exchange of the San Francisco Bay Region - CA,https://web.archive.org/web/20160629183905/http://www.charitynavigator.org/index.cfm?bay=search.summary&orgid=16024
Performance Data,7973,Marshall Heights Community Development Organization - DC,https://web.archive.org/web/20160629183905/http://www.charitynavigator.org/index.cfm?bay=search.summary&orgid=7973
Performance Data,16620,Marvin M Schwan Charitable Foundation - MO,https://web.archive.org/web/20160629183905/http://www.charitynavigator.org/index.cfm?bay=search.summary&orgid=16620
Performance Data,16199,Mary McLeod-Bethune Intervention & Enrichment Center - OH,https://web.archive.org/web/20160629183905/http://www.charitynavigator.org/index.cfm?bay=search.summary&orgid=16199
Performance Data,16171,Maryland Energy Conservation Inc. - MD,https://web.archive.org/web/20160629183905/http://www.charitynavigator.org/index.cfm?bay=search.summary&orgid=16171
Performance Data,14986,Matthew M. Brennan Foundation - OR,https://web.archive.org/web/20160629183905/http://www.charitynavigator.org/index.cfm?bay=search.summary&orgid=14986
Contact Data,9315,Medical Missions for Children - NJ,https://web.archive.org/web/20160629183905/http://www.charitynavigator.org/index.cfm?bay=search.summary&orgid=9315
Performance Data,15502,Melanoma Research Alliance Foundation - DC,https://web.archive.org/web/20160629183905/http://www.charitynavigator.org/index.cfm?bay=search.summary&orgid=15502
Performance Data,16221,Memorial Hermann Health System - TX,https://web.archive.org/web/20160629183905/http://www.charitynavigator.org/index.cfm?bay=search.summary&orgid=16221
Performance Data,16215,Memphis Goodwill Industries - TN,https://web.archive.org/web/20160629183905/http://www.charitynavigator.org/index.cfm?bay=search.summary&orgid=16215
Performance Data,16198,Menifee Citizens for Smart Growth - CA,https://web.archive.org/web/20160629183905/http://www.charitynavigator.org/index.cfm?bay=search.summary&orgid=16198
Performance Data,16634,Mental Health Systems Inc. - CA,https://web.archive.org/web/20160629183905/http://www.charitynavigator.org/index.cfm?bay=search.summary&orgid=16634
Performance Data,4548,The Metropolitan Council On Jewish Poverty - NY,https://web.archive.org/web/20160629183905/http://www.charitynavigator.org/index.cfm?bay=search.summary&orgid=4548
Performance Data,16222,Mineral Wells Center of Life - TX,https://web.archive.org/web/20160629183905/http://www.charitynavigator.org/index.cfm?bay=search.summary&orgid=16222
Performance Data,16321,The Miracles Club - OR,https://web.archive.org/web/20160629183905/http://www.charitynavigator.org/index.cfm?bay=search.summary&orgid=16321
Performance Data,16605,Moore Charitable Foundation - NY,https://web.archive.org/web/20160629183905/http://www.charitynavigator.org/index.cfm?bay=search.summary&orgid=16605
Performance Data,16161,Murrietans for Smart Growth - CA,https://web.archive.org/web/20160629183905/http://www.charitynavigator.org/index.cfm?bay=search.summary&orgid=16161
Performance Data,6033,NA'AMAT USA - CA,https://web.archive.org/web/20160713104406/http://www.charitynavigator.org/index.cfm?bay=search.summary&orgid=6033
Performance Data,15510,Narco Freedom - NY,https://web.archive.org/web/20160713104406/http://www.charitynavigator.org/index.cfm?bay=search.summary&orgid=15510
Performance Data,7651,National Children's Leukemia Foundation - NY,https://web.archive.org/web/20160713104406/http://www.charitynavigator.org/index.cfm?bay=search.summary&orgid=7651
Performance Data,4172,National Council of Negro Women - DC,https://web.archive.org/web/20160713104406/http://www.charitynavigator.org/index.cfm?bay=search.summary&orgid=4172
Performance Data,16223,National Foundation of America - TN,https://web.archive.org/web/20160713104406/http://www.charitynavigator.org/index.cfm?bay=search.summary&orgid=16223
Performance Data,13088,National Hispana Leadership Institute - DC,https://web.archive.org/web/20160713104406/http://www.charitynavigator.org/index.cfm?bay=search.summary&orgid=13088
Performance Data,13602,National Minority Television - CA,https://web.archive.org/web/20160713104406/http://www.charitynavigator.org/index.cfm?bay=search.summary&orgid=13602
Contact Data,15895,New Century Chamber Orchestra - CA,https://web.archive.org/web/20160713104406/http://www.charitynavigator.org/index.cfm?bay=search.summary&orgid=15895
Performance Data,16130,New Hampshire Sheep and Wool Growers Association - NH,https://web.archive.org/web/20160713104406/http://www.charitynavigator.org/index.cfm?bay=search.summary&orgid=16130
Performance Data,16230,New Hampshire Wildlife Park & Wildlife Rescue - NH,https://web.archive.org/web/20160713104406/http://www.charitynavigator.org/index.cfm?bay=search.summary&orgid=16230
Performance Data,16106,New Jersey Youth Club - NJ,https://web.archive.org/web/20160713104406/http://www.charitynavigator.org/index.cfm?bay=search.summary&orgid=16106
Performance Data,13486,Newark Now - NJ,https://web.archive.org/web/20160713104406/http://www.charitynavigator.org/index.cfm?bay=search.summary&orgid=13486
Performance Data,14962,Newark Watershed Conservation and Development Corporation - NJ,https://web.archive.org/web/20160713104406/http://www.charitynavigator.org/index.cfm?bay=search.summary&orgid=14962
Performance Data,9609,Noah's Ark Animal Rehabilitation Center - GA,https://web.archive.org/web/20160713104406/http://www.charitynavigator.org/index.cfm?bay=search.summary&orgid=9609
Performance Data,16251,Noah's Ark Children Care Homes - GA,https://web.archive.org/web/20160713104406/http://www.charitynavigator.org/index.cfm?bay=search.summary&orgid=16251
Performance Data,14212,One Child Saved - PA,https://web.archive.org/web/20160512103102/http://www.charitynavigator.org/index.cfm?bay=search.summary&orgid=14212
Performance Data,16140,One Church! One Can! One Night! - NC,https://web.archive.org/web/20160512103102/http://www.charitynavigator.org/index.cfm?bay=search.summary&orgid=16140
Performance Data,16599,"One Door for Education, Inc. - FL",https://web.archive.org/web/20160512103102/http://www.charitynavigator.org/index.cfm?bay=search.summary&orgid=16599
Performance Data,8574,One-Eighty Place - SC,https://web.archive.org/web/20160512103102/http://www.charitynavigator.org/index.cfm?bay=search.summary&orgid=8574
Performance Data,16152,"Ontario Mountain Village Association, Inc. - CA",https://web.archive.org/web/20160512103102/http://www.charitynavigator.org/index.cfm?bay=search.summary&orgid=16152
Performance Data,9190,Operation Lookout - WA,https://web.archive.org/web/20160512103102/http://www.charitynavigator.org/index.cfm?bay=search.summary&orgid=9190
Performance Data,16083,Operation Tribute - ME,https://web.archive.org/web/20160512103102/http://www.charitynavigator.org/index.cfm?bay=search.summary&orgid=16083
Performance Data,16097,Organization of the New City - IL,https://web.archive.org/web/20160512103102/http://www.charitynavigator.org/index.cfm?bay=search.summary&orgid=16097
Performance Data,16118,Others of Destin - FL,https://web.archive.org/web/20160512103102/http://www.charitynavigator.org/index.cfm?bay=search.summary&orgid=16118
Performance Data,9967,Outreach360 - AZ,https://web.archive.org/web/20160512103102/http://www.charitynavigator.org/index.cfm?bay=search.summary&orgid=9967
Performance Data,4292,Pacifica Foundation Radio - CA,https://web.archive.org/web/20160630125322/http://www.charitynavigator.org/index.cfm?bay=search.summary&orgid=4292
Performance Data,13288,Paralyzed American Veterans - MI,https://web.archive.org/web/20160630125322/http://www.charitynavigator.org/index.cfm?bay=search.summary&orgid=13288
Contact Data,11063,Partnership with Children - NY,https://web.archive.org/web/20160630125322/http://www.charitynavigator.org/index.cfm?bay=search.summary&orgid=11063
Performance Data,15515,PawsAbilities - Friends of Woodbridge Township - NJ,https://web.archive.org/web/20160630125322/http://www.charitynavigator.org/index.cfm?bay=search.summary&orgid=15515
Performance Data,15062,Peace Not Guns - PA,https://web.archive.org/web/20160630125322/http://www.charitynavigator.org/index.cfm?bay=search.summary&orgid=15062
Performance Data,16234,Peaceable Farm Inc. - VA,https://web.archive.org/web/20160630125322/http://www.charitynavigator.org/index.cfm?bay=search.summary&orgid=16234
Performance Data,16254,People's Choice Charities - CA,https://web.archive.org/web/20160630125322/http://www.charitynavigator.org/index.cfm?bay=search.summary&orgid=16254
Performance Data,15512,Philadelphia Safety Net - PA,https://web.archive.org/web/20160630125322/http://www.charitynavigator.org/index.cfm?bay=search.summary&orgid=15512
Contact Data,15704,Physician Health Services - MA,https://web.archive.org/web/20160630125322/http://www.charitynavigator.org/index.cfm?bay=search.summary&orgid=15704
Performance Data,16633,POP WARNER LITTLE SCHOLARS INC - CA,https://web.archive.org/web/20160630125322/http://www.charitynavigator.org/index.cfm?bay=search.summary&orgid=16633
Performance Data,16131,Por La Gente - WI,https://web.archive.org/web/20160630125322/http://www.charitynavigator.org/index.cfm?bay=search.summary&orgid=16131
Contact Data,5551,Presbyterian Evangelistic Fellowship - VA,https://web.archive.org/web/20160630125322/http://www.charitynavigator.org/index.cfm?bay=search.summary&orgid=5551
Performance Data,11327,Preservation Resource Center of New Orleans - LA,https://web.archive.org/web/20160630125322/http://www.charitynavigator.org/index.cfm?bay=search.summary&orgid=11327
Performance Data,13787,Pride Health Services - CA,https://web.archive.org/web/20160630125322/http://www.charitynavigator.org/index.cfm?bay=search.summary&orgid=13787
Performance Data,9557,Progressive Policy Institute - DC,https://web.archive.org/web/20160630125322/http://www.charitynavigator.org/index.cfm?bay=search.summary&orgid=9557
Performance Data,16162,Protect Our Water and Environmental Rights - CA,https://web.archive.org/web/20160630125322/http://www.charitynavigator.org/index.cfm?bay=search.summary&orgid=16162
Performance Data,13772,Pulse Foundation - NY,https://web.archive.org/web/20160630125322/http://www.charitynavigator.org/index.cfm?bay=search.summary&orgid=13772
Contact Data,16310,Quality Deer Management Association - GA,https://web.archive.org/web/20160627055529/http://www.charitynavigator.org/index.cfm?bay=search.summary&orgid=16310
Performance Data,16153,"Ratepayers for Affordable, Clean Energy - CA",https://web.archive.org/web/20160713104253/http://www.charitynavigator.org/index.cfm?bay=search.summary&orgid=16153
Contact Data,15698,Raw Art Works Inc. - MA,https://web.archive.org/web/20160713104253/http://www.charitynavigator.org/index.cfm?bay=search.summary&orgid=15698
Performance Data,16163,Redlands Good Neighbor Coalition - CA,https://web.archive.org/web/20160713104253/http://www.charitynavigator.org/index.cfm?bay=search.summary&orgid=16163
Performance Data,16248,Rensselaer Acacia Corporation - MA,https://web.archive.org/web/20160713104253/http://www.charitynavigator.org/index.cfm?bay=search.summary&orgid=16248
Performance Data,13735,Research Foundation for the State University of New York - NY,https://web.archive.org/web/20160713104253/http://www.charitynavigator.org/index.cfm?bay=search.summary&orgid=13735
Performance Data,15521,Reservoir Hill Improvement Council - MD,https://web.archive.org/web/20160713104253/http://www.charitynavigator.org/index.cfm?bay=search.summary&orgid=15521
Performance Data,16164,Rialto Citizens for Responsible Growth - CA,https://web.archive.org/web/20160713104253/http://www.charitynavigator.org/index.cfm?bay=search.summary&orgid=16164
Performance Data,16165,Riverside Citizens for Smart Growth - CA,https://web.archive.org/web/20160713104253/http://www.charitynavigator.org/index.cfm?bay=search.summary&orgid=16165
Contact Data,16648,Roxbury Action Program - MA,https://web.archive.org/web/20160713104253/http://www.charitynavigator.org/index.cfm?bay=search.summary&orgid=16648
Performance Data,16291,RRR Service Dogs - TN,https://web.archive.org/web/20160713104253/http://www.charitynavigator.org/index.cfm?bay=search.summary&orgid=16291
Performance Data,16232,Sacramento Valley Symphonic Band Association - CA,https://web.archive.org/web/20160711022739/http://www.charitynavigator.org/index.cfm?bay=search.summary&orgid=16232
Performance Data,7229,Safe Harbor Animal Sanctuary & Hospital - FL,https://web.archive.org/web/20160711022739/http://www.charitynavigator.org/index.cfm?bay=search.summary&orgid=7229
Performance Data,16311,Safety Publications - IL,https://web.archive.org/web/20160711022739/http://www.charitynavigator.org/index.cfm?bay=search.summary&orgid=16311
Performance Data,13601,San Antonio Community Educational TV - TX,https://web.archive.org/web/20160711022739/http://www.charitynavigator.org/index.cfm?bay=search.summary&orgid=13601
Performance Data,16181,San Diegans for Open Government - CA,https://web.archive.org/web/20160711022739/http://www.charitynavigator.org/index.cfm?bay=search.summary&orgid=16181
Performance Data,16185,San Diego Navy Broadway Complex Coalition - CA,https://web.archive.org/web/20160711022739/http://www.charitynavigator.org/index.cfm?bay=search.summary&orgid=16185
Performance Data,16186,San Diego Progressives in Action - CA,https://web.archive.org/web/20160711022739/http://www.charitynavigator.org/index.cfm?bay=search.summary&orgid=16186
Performance Data,16154,San Diego Public - Interest Advocates' Guild - CA,https://web.archive.org/web/20160711022739/http://www.charitynavigator.org/index.cfm?bay=search.summary&orgid=16154
Performance Data,16166,San Diego Public - Transit Riders' Alliance - CA,https://web.archive.org/web/20160711022739/http://www.charitynavigator.org/index.cfm?bay=search.summary&orgid=16166
Performance Data,16139,Save Our Cemeteries - LA,https://web.archive.org/web/20160711022739/http://www.charitynavigator.org/index.cfm?bay=search.summary&orgid=16139
Performance Data,15523,Savers LLC - WA,https://web.archive.org/web/20160711022739/http://www.charitynavigator.org/index.cfm?bay=search.summary&orgid=15523
Performance Data,13629,Say No 2 Cancer - CO,https://web.archive.org/web/20160711022739/http://www.charitynavigator.org/index.cfm?bay=search.summary&orgid=13629
Performance Data,4441,The Schepens Eye Research Institute - MA,https://web.archive.org/web/20160711022739/http://www.charitynavigator.org/index.cfm?bay=search.summary&orgid=4441
Performance Data,13630,The Se7ven Group - CO,https://web.archive.org/web/20160711022739/http://www.charitynavigator.org/index.cfm?bay=search.summary&orgid=13630
Performance Data,8066,The Second Mile - PA,https://web.archive.org/web/20160711022739/http://www.charitynavigator.org/index.cfm?bay=search.summary&orgid=8066
Performance Data,15440,SELF Inc. - PA,https://web.archive.org/web/20160711022739/http://www.charitynavigator.org/index.cfm?bay=search.summary&orgid=15440
Performance Data,16231,Seminole Boosters - FL,https://web.archive.org/web/20160711022739/http://www.charitynavigator.org/index.cfm?bay=search.summary&orgid=16231
Performance Data,16236,Send Thee Community Outreach - VA,https://web.archive.org/web/20160711022739/http://www.charitynavigator.org/index.cfm?bay=search.summary&orgid=16236
Performance Data,16187,Sensible Citizens of Manhattan Beach - CA,https://web.archive.org/web/20160711022739/http://www.charitynavigator.org/index.cfm?bay=search.summary&orgid=16187
Performance Data,7909,The Sentinel Group - WA,https://web.archive.org/web/20160711022739/http://www.charitynavigator.org/index.cfm?bay=search.summary&orgid=7909
Performance Data,16188,Serving Proud Industries - CA,https://web.archive.org/web/20160711022739/http://www.charitynavigator.org/index.cfm?bay=search.summary&orgid=16188
Contact Data,16642,Shelter Golf Inc. - TX,https://web.archive.org/web/20160711022739/http://www.charitynavigator.org/index.cfm?bay=search.summary&orgid=16642
Performance Data,16167,Smart Growth Adelanto - CA,https://web.archive.org/web/20160711022739/http://www.charitynavigator.org/index.cfm?bay=search.summary&orgid=16167
Performance Data,16189,SoCal Education Rewards Foundation - CA,https://web.archive.org/web/20160711022739/http://www.charitynavigator.org/index.cfm?bay=search.summary&orgid=16189
Performance Data,7299,SonScape Retreats - CO,https://web.archive.org/web/20160711022739/http://www.charitynavigator.org/index.cfm?bay=search.summary&orgid=7299
Performance Data,16100,SourceAmerica - VA,https://web.archive.org/web/20160711022739/http://www.charitynavigator.org/index.cfm?bay=search.summary&orgid=16100
Performance Data,16292,Southeast K9 Search and Rescue - TN,https://web.archive.org/web/20160711022739/http://www.charitynavigator.org/index.cfm?bay=search.summary&orgid=16292
Performance Data,16320,Southern Maryland Veterans Association - MD,https://web.archive.org/web/20160711022739/http://www.charitynavigator.org/index.cfm?bay=search.summary&orgid=16320
Performance Data,16190,Southwest Center on Renewable Energy - CA,https://web.archive.org/web/20160711022739/http://www.charitynavigator.org/index.cfm?bay=search.summary&orgid=16190
Performance Data,13139,SPCA International - NY,https://web.archive.org/web/20160711022739/http://www.charitynavigator.org/index.cfm?bay=search.summary&orgid=13139
Performance Data,10902,Spirituality For Kids International - CA,https://web.archive.org/web/20160711022739/http://www.charitynavigator.org/index.cfm?bay=search.summary&orgid=10902
Performance Data,16169,Spotlight on Heroes - CA,https://web.archive.org/web/20160711022739/http://www.charitynavigator.org/index.cfm?bay=search.summary&orgid=16169
Performance Data,13594,St. Francis All Creature Rescue and Sanctuary - CA,https://web.archive.org/web/20160711022739/http://www.charitynavigator.org/index.cfm?bay=search.summary&orgid=13594
Contact Data,15629,Studio Museum in Harlem - NY,https://web.archive.org/web/20160711022739/http://www.charitynavigator.org/index.cfm?bay=search.summary&orgid=15629
Performance Data,16147,Systems and Abilities - NY,https://web.archive.org/web/20160711022739/http://www.charitynavigator.org/index.cfm?bay=search.summary&orgid=16147
Performance Data,16021,Tackle Hatred Now - PA,https://web.archive.org/web/20160630121422/http://www.charitynavigator.org/index.cfm?bay=search.summary&orgid=16021
Contact Data,15687,Talmudic Research Center of Northern New Jersey - NJ,https://web.archive.org/web/20160630121422/http://www.charitynavigator.org/index.cfm?bay=search.summary&orgid=15687
Performance Data,4518,Teen Mania International - TX,https://web.archive.org/web/20160630121422/http://www.charitynavigator.org/index.cfm?bay=search.summary&orgid=4518
Performance Data,16318,Texas High School Rodeo Association - TX,https://web.archive.org/web/20160630121422/http://www.charitynavigator.org/index.cfm?bay=search.summary&orgid=16318
Contact Data,5685,Texas Parks and Wildlife Foundation - TX,https://web.archive.org/web/20160630121422/http://www.charitynavigator.org/index.cfm?bay=search.summary&orgid=5685
Contact Data,15963,The Guardsmen - CA,https://web.archive.org/web/20160630121422/http://www.charitynavigator.org/index.cfm?bay=search.summary&orgid=15963
Contact Data,15970,Theatre Bay Area - CA,https://web.archive.org/web/20160630121422/http://www.charitynavigator.org/index.cfm?bay=search.summary&orgid=15970
Performance Data,16245,Thrift Land USA - NY,https://web.archive.org/web/20160630121422/http://www.charitynavigator.org/index.cfm?bay=search.summary&orgid=16245
Contact Data,16086,Thrive St. Louis - MO,https://web.archive.org/web/20160630121422/http://www.charitynavigator.org/index.cfm?bay=search.summary&orgid=16086
Performance Data,14214,tixr4kids.com - PA,https://web.archive.org/web/20160630121422/http://www.charitynavigator.org/index.cfm?bay=search.summary&orgid=14214
Contact Data,15652,Tony Stewart Foundation - IN,https://web.archive.org/web/20160630121422/http://www.charitynavigator.org/index.cfm?bay=search.summary&orgid=15652
Contact Data,16206,Triangle Area Network - TX,https://web.archive.org/web/20160630121422/http://www.charitynavigator.org/index.cfm?bay=search.summary&orgid=16206
Performance Data,4574,Trinity Broadcasting Network - CA,https://web.archive.org/web/20160630121422/http://www.charitynavigator.org/index.cfm?bay=search.summary&orgid=4574
Performance Data,8717,Trinity Broadcasting of Arizona - AZ,https://web.archive.org/web/20160630121422/http://www.charitynavigator.org/index.cfm?bay=search.summary&orgid=8717
Performance Data,13596,Trinity Broadcasting of Florida Inc. - CA,https://web.archive.org/web/20160630121422/http://www.charitynavigator.org/index.cfm?bay=search.summary&orgid=13596
Performance Data,6897,Trinity Broadcasting of Indiana - IN,https://web.archive.org/web/20160630121422/http://www.charitynavigator.org/index.cfm?bay=search.summary&orgid=6897
Performance Data,9107,Trinity Broadcasting of New York - NY,https://web.archive.org/web/20160630121422/http://www.charitynavigator.org/index.cfm?bay=search.summary&orgid=9107
Performance Data,5652,Trinity Broadcasting of Oklahoma - OK,https://web.archive.org/web/20160630121422/http://www.charitynavigator.org/index.cfm?bay=search.summary&orgid=5652
Performance Data,5668,Trinity Broadcasting of Texas - TX,https://web.archive.org/web/20160630121422/http://www.charitynavigator.org/index.cfm?bay=search.summary&orgid=5668
Performance Data,8722,Trinity Broadcasting of Washington - WA,https://web.archive.org/web/20160630121422/http://www.charitynavigator.org/index.cfm?bay=search.summary&orgid=8722
Performance Data,13598,Trinity Christian Center of San Marcos - CA,https://web.archive.org/web/20160630121422/http://www.charitynavigator.org/index.cfm?bay=search.summary&orgid=13598
Contact Data,15960,Truckee River Watershed Council - CA,https://web.archive.org/web/20160630121422/http://www.charitynavigator.org/index.cfm?bay=search.summary&orgid=15960
Contact Data,15685,Uih Family Partners - NJ,https://web.archive.org/web/20160703122402/http://www.charitynavigator.org/index.cfm?bay=search.summary&orgid=15685
Performance Data,13879,ULM Athletic Foundation - LA,https://web.archive.org/web/20160703122402/http://www.charitynavigator.org/index.cfm?bay=search.summary&orgid=13879
Performance Data,16237,"United Against Puppy Mills, Inc. - PA",https://web.archive.org/web/20160703122402/http://www.charitynavigator.org/index.cfm?bay=search.summary&orgid=16237
Performance Data,16305,United Block Association Inc. - NY,https://web.archive.org/web/20160703122402/http://www.charitynavigator.org/index.cfm?bay=search.summary&orgid=16305
Performance Data,14960,United Hebrew Cemetery Inc. - NY,https://web.archive.org/web/20160703122402/http://www.charitynavigator.org/index.cfm?bay=search.summary&orgid=14960
Performance Data,15499,United Mid-Coast Charities - ME,https://web.archive.org/web/20160703122402/http://www.charitynavigator.org/index.cfm?bay=search.summary&orgid=15499
Performance Data,16598,United Soldiers Outreach LLC - TX,https://web.archive.org/web/20160703122402/http://www.charitynavigator.org/index.cfm?bay=search.summary&orgid=16598
Performance Data,16238,United States Disabled Veterans - AK,https://web.archive.org/web/20160703122402/http://www.charitynavigator.org/index.cfm?bay=search.summary&orgid=16238
Performance Data,16239,United States Handicapped-Disadvantaged - AK,https://web.archive.org/web/20160703122402/http://www.charitynavigator.org/index.cfm?bay=search.summary&orgid=16239
Performance Data,11009,United States Justice Foundation - CA,https://web.archive.org/web/20160703122402/http://www.charitynavigator.org/index.cfm?bay=search.summary&orgid=11009
Contact Data,16596,United Way of Dutchess-Orange Region - NY,https://web.archive.org/web/20160703122402/http://www.charitynavigator.org/index.cfm?bay=search.summary&orgid=16596
Contact Data,15688,United Way of Ocean County - NJ,https://web.archive.org/web/20160703122402/http://www.charitynavigator.org/index.cfm?bay=search.summary&orgid=15688
Contact Data,14359,United Way of Weld County - CO,https://web.archive.org/web/20160703122402/http://www.charitynavigator.org/index.cfm?bay=search.summary&orgid=14359
Contact Data,15736,The United Way of Youngstown and the Mahoning Valley - OH,https://web.archive.org/web/20160703122402/http://www.charitynavigator.org/index.cfm?bay=search.summary&orgid=15736
Performance Data,15496,University of New Orleans Research & Technology Foundation - LA,https://web.archive.org/web/20160703122402/http://www.charitynavigator.org/index.cfm?bay=search.summary&orgid=15496
Performance Data,16246,Value Village - WA,https://web.archive.org/web/20160708205056/http://www.charitynavigator.org/index.cfm?bay=search.summary&orgid=16246
Performance Data,16217,Veterans for a Strong America - SD,https://web.archive.org/web/20160708205056/http://www.charitynavigator.org/index.cfm?bay=search.summary&orgid=16217
Performance Data,16114,Veterans Helping Nevada Veterans - ND,https://web.archive.org/web/20160708205056/http://www.charitynavigator.org/index.cfm?bay=search.summary&orgid=16114
Performance Data,13135,Veterans Support Organization - FL,https://web.archive.org/web/20160708205056/http://www.charitynavigator.org/index.cfm?bay=search.summary&orgid=13135
Performance Data,16213,VietNow National Headquarters - IL,https://web.archive.org/web/20160708205056/http://www.charitynavigator.org/index.cfm?bay=search.summary&orgid=16213
Performance Data,16116,Voice of a Child U.S. - NY,https://web.archive.org/web/20160708205056/http://www.charitynavigator.org/index.cfm?bay=search.summary&orgid=16116
Performance Data,16208,"Wayside Out-Reach Development, Inc. - NY",https://web.archive.org/web/20160708210416/http://www.charitynavigator.org/index.cfm?bay=search.summary&orgid=16208
Performance Data,13361,"We The People, Inc. of the United States - FL",https://web.archive.org/web/20160708210416/http://www.charitynavigator.org/index.cfm?bay=search.summary&orgid=13361
Performance Data,13914,The Westfield State Foundation Inc. - MA,https://web.archive.org/web/20160708210416/http://www.charitynavigator.org/index.cfm?bay=search.summary&orgid=13914
Performance Data,16145,Winged Warriors - CA,https://web.archive.org/web/20160708210416/http://www.charitynavigator.org/index.cfm?bay=search.summary&orgid=16145
Performance Data,14211,Winning Ways - PA,https://web.archive.org/web/20160708210416/http://www.charitynavigator.org/index.cfm?bay=search.summary&orgid=14211
Performance Data,16132,WishWarriors - CA,https://web.archive.org/web/20160708210416/http://www.charitynavigator.org/index.cfm?bay=search.summary&orgid=16132
Performance Data,15185,Woodcock Foundation for the Appreciation of the Arts Inc. - MO,https://web.archive.org/web/20160708210416/http://www.charitynavigator.org/index.cfm?bay=search.summary&orgid=15185
Performance Data,16025,World Trade Centers Association - NY,https://web.archive.org/web/20160708210416/http://www.charitynavigator.org/index.cfm?bay=search.summary&orgid=16025
Performance Data,16136,Wounded Marines Careers Foundation - VA,https://web.archive.org/web/20160708210416/http://www.charitynavigator.org/index.cfm?bay=search.summary&orgid=16136
Performance Data,13771,Yad L Shabbat - NY,https://web.archive.org/web/20160627055534/http://www.charitynavigator.org/index.cfm?bay=search.summary&orgid=13771
Performance Data,10552,Yavneh Day School - CA,https://web.archive.org/web/20160627055534/http://www.charitynavigator.org/index.cfm?bay=search.summary&orgid=10552
Performance Data,4778,Yeshivat Shaare Torah - NY,https://web.archive.org/web/20160627055534/http://www.charitynavigator.org/index.cfm?bay=search.summary&orgid=4778
Performance Data,4785,YMCA of Metropolitan Milwaukee - WI,https://web.archive.org/web/20160627055534/http://www.charitynavigator.org/index.cfm?bay=search.summary&orgid=4785
Performance Data,16256,Yosemite National Park Child Care Center - CA,https://web.archive.org/web/20160627055534/http://www.charitynavigator.org/index.cfm?bay=search.summary&orgid=16256
Performance Data,13627,Young Leaders Institute Inc. - NY,https://web.archive.org/web/20160627055534/http://www.charitynavigator.org/index.cfm?bay=search.summary&orgid=13627
Performance Data,8005,Youth Development Fund - TN,https://web.archive.org/web/20160627055534/http://www.charitynavigator.org/index.cfm?bay=search.summary&orgid=8005
Contact Data,16431,Youth First - IN,https://web.archive.org/web/20160627055534/http://www.charitynavigator.org/index.cfm?bay=search.summary&orgid=16431
Contact Data,15984,Z Space Studio - CA,https://web.archive.org/web/20160627055539/http://www.charitynavigator.org/index.cfm?bay=search.summary&orgid=15984
